{
  "input": "inputs/mrd_amp_pos/noeval_AMP1_missing_ir.yaml",
  "artifact": {
    "module": "amp_pos",
    "eft": {
      "Lambda_GeV": 1000.0,
      "c2": 1.0,
      "c3": 0.0
    },
    "dispersion": {
      "ir_safe": true,
      "N_sub": null
    },
    "omegaI": {
      "Emin_GeV": 50.0,
      "Emax_GeV": 300.0,
      "grid_N": 6,
      "frac_cutoff_max": 0.5
    },
    "series": [
      {
        "E_GeV": 50.0,
        "A": 6.25e-06,
        "a0_proxy": 1.2433979929054323e-07
      },
      {
        "E_GeV": 100.0,
        "A": 0.0001,
        "a0_proxy": 1.9894367886486917e-06
      },
      {
        "E_GeV": 150.0,
        "A": 0.00050625,
        "a0_proxy": 1.0071523742534001e-05
      },
      {
        "E_GeV": 200.0,
        "A": 0.0016,
        "a0_proxy": 3.183098861837907e-05
      },
      {
        "E_GeV": 250.0,
        "A": 0.00390625,
        "a0_proxy": 7.771237455658952e-05
      },
      {
        "E_GeV": 300.0,
        "A": 0.0081,
        "a0_proxy": 0.00016114437988054401
      }
    ],
    "notes": "Toy positivity + unitarity + crossing gating. Replace by full dispersion/SDP in production."
  },
  "locks": {
    "AMP1_IR_SCHEME": {
      "pass": false,
      "verdict": "NO-EVAL(AMP1)",
      "note": "Need dispersion.ir_safe=True and N_sub declared"
    }
  },
  "diagnostic": [
    "Missing IR-safe dispersion scheme -> NO-EVAL(AMP1)"
  ],
  "verdict": "NO-EVAL(AMP1_IR_SCHEME)",
  "first_reason": "AMP1_IR_SCHEME",
  "certificates": {
    "RFS": {
      "verdict": "PASS(RFS)",
      "note": "RFS certificate checks passed (incl. RFS5)",
      "cert": {
        "cert_type": "RFS-CERT",
        "cert_version": "v1",
        "resource_budget": {
          "compute_seconds": 30,
          "grid_N_max": 10000
        },
        "isaac_link": {
          "OmegaI_max_resolution": "declared"
        },
        "pcn_sweep": {
          "enabled": true,
          "flips": false
        },
        "pcd_sweep": {
          "enabled": true,
          "flips": false
        },
        "idealizations": [
          {
            "name": "toy_amp_polynomial",
            "finite_surrogate": "finite polynomial amplitude"
          }
        ],
        "audit_hashes": {
          "code": "sha256:7e9c6b4cc508d18bcc1eeacc53e8d560f5990cb39b4e76274ad174a3f772985c",
          "data": "sha256:9fff9fcef91d93a8cbf0efa6fd32ee4adc975fda1c1d2b7deebec8c66898e490",
          "env": "sha256:62f0f3308d5872918fcd4500d2727a7847324c5d0cde3ec8739fb448d52fed85"
        }
      }
    },
    "IO": {
      "verdict": "PASS(IO)",
      "note": "IO certificate checks passed",
      "cert": {
        "cert_type": "IO-CERT",
        "cert_version": "v1",
        "map_O_theta": "A(s)=c2(s/Λ^2)^2 + c3(s/Λ^2)^3; checks use positivity(c2>0), crossing(c3≈0) and unitarity proxy on grid.",
        "theta_effective_list": [
          "c2",
          "c3",
          "Lambda"
        ],
        "observables_list": [
          "PASS/FAIL locks AMP3-AMP5"
        ],
        "identifiability_metric": {
          "name": "toy_nonzero_sensitivity",
          "value": 0.2
        },
        "threshold_tau": 0.1,
        "degeneracies_list": [
          "Toy; full program uses dispersion/SDP for stronger identifiability."
        ],
        "dataset_equivalence": [
          "mrd_amp_pos_grid_v1"
        ]
      }
    }
  }
}