{
  "input": "inputs/mrd_4f_dict/noeval_4F1_missing.yaml",
  "artifact": {
    "observables": {},
    "rules": []
  },
  "locks": {
    "4D3_DATASET": {
      "pass": false,
      "verdict": "NO-EVAL",
      "note": "missing dataset (csv_path/meta_path)"
    }
  },
  "diagnostic": [
    "Dataset not provided; cannot validate 4F dictionary spec."
  ],
  "verdict": "NO-EVAL(4D3_DATASET)",
  "first_reason": "4D3_DATASET",
  "certificates": {
    "RFS": {
      "verdict": "PASS(RFS)",
      "note": "RFS certificate checks passed (incl. RFS5)",
      "cert": {
        "cert_type": "RFS-CERT",
        "cert_version": "v1",
        "resource_budget": {
          "compute_seconds": 30,
          "grid_max": 2048,
          "tolerance": 1e-10
        },
        "isaac_link": {
          "OmegaI_max_resolution": "declared"
        },
        "pcn_sweep": {
          "enabled": true,
          "flips": false
        },
        "pcd_sweep": {
          "enabled": true,
          "flips": false
        },
        "idealizations": [
          {
            "name": "toy_SU2",
            "finite_surrogate": "2x2 complex matrices"
          }
        ],
        "audit_hashes": {
          "code": "sha256:a05e910a9fcf57484da173dc1d5e3601b9a0b671d1a80928677bb5df2b63fb8a",
          "data": "sha256:98a398843dc19ec3fe9db2d6bdff4f83bd18395ffde5486a532c4d1d6bc86dea",
          "env": "sha256:62f0f3308d5872918fcd4500d2727a7847324c5d0cde3ec8739fb448d52fed85"
        }
      }
    },
    "IO": {
      "verdict": "PASS(IO)",
      "note": "IO certificate checks passed",
      "cert": {
        "cert_type": "IO-CERT",
        "cert_version": "v1",
        "map_O_theta": "O = Tr(U(loop))/2; parameters are axis/angle of paths (toy)",
        "theta_effective_list": [
          "angle_p1",
          "angle_p2",
          "angle_p3"
        ],
        "observables_list": [
          "O1",
          "O2"
        ],
        "identifiability_metric": {
          "name": "toy_rank_proxy",
          "value": 0.2
        },
        "threshold_tau": 0.1,
        "degeneracies_list": [
          "toy dataset may be underdetermined; here we only require minimal tau"
        ],
        "dataset_equivalence": [
          "mrd_4f_dict_spec_v1"
        ]
      }
    }
  }
}