{
  "input": "inputs/mrd_cosmo_bridge/noeval_COS4_missing_delta_w.yaml",
  "artifact": {
    "module": "cosmo_bridge",
    "params": {
      "H0": 70.0,
      "Om": 0.3,
      "w0": -1.0,
      "gdot_over_G": 0.0
    },
    "predictions": [
      {
        "z": 0.0,
        "H_pred": 70.0
      },
      {
        "z": 0.5,
        "H_pred": 91.60376629811681
      },
      {
        "z": 1.0,
        "H_pred": 123.24771803161305
      }
    ],
    "DeltaPi": {
      "delta_w_bound": NaN,
      "delta_H_bound": [
        {
          "z": 0.0,
          "delta_H_bound": NaN
        },
        {
          "z": 0.5,
          "delta_H_bound": NaN
        },
        {
          "z": 1.0,
          "delta_H_bound": NaN
        }
      ]
    },
    "notes": "Toy bridge: requires local bound on gdot and fit to H(z) with projection bound."
  },
  "locks": {
    "COS1_PARAMS_DECLARED": {
      "pass": true,
      "verdict": "PASS",
      "note": "params declared"
    },
    "COS2_LOCAL_GDOT": {
      "pass": true,
      "verdict": "PASS",
      "note": "|gdot/G|=0 <= 0.001"
    },
    "COS3_FIT": {
      "pass": true,
      "verdict": "PASS",
      "note": "chi2_red=0.268 <= 10"
    },
    "COS4_DW_DECLARED": {
      "pass": false,
      "verdict": "NO-EVAL(COS4)",
      "note": "projection.delta_w_bound missing"
    }
  },
  "diagnostic": [
    "Missing delta_w_bound -> NO-EVAL(COS4)"
  ],
  "verdict": "NO-EVAL(COS4_DW_DECLARED)",
  "first_reason": "COS4_DW_DECLARED",
  "certificates": {
    "PA": {
      "verdict": "PASS(PA)",
      "note": "PA certificate checks passed (incl. PA5)",
      "cert": {
        "cert_type": "PA-CERT",
        "cert_version": "v1",
        "projection_version": "COSMO-BRIDGE-toy-v1",
        "Pi_signature": "H(z)=H0 sqrt(Om(1+z)^3+(1-Om)(1+z)^{3(1+w0)}) with bounded Δw",
        "assumptions": [
          "Flat universe toy",
          "w(z) truncated to constant w0",
          "Missing structure bounded by delta_w_bound"
        ],
        "delta_proj_method": "delta_w_bound_to_delta_H_bound",
        "delta_proj": {
          "z": [
            0.0,
            0.5,
            1.0
          ],
          "delta": [
            0.0,
            0.0,
            0.0
          ],
          "E": [
            0.0,
            0.5,
            1.0
          ]
        },
        "kappa_rule": {
          "kappa": 1.0
        },
        "sigma_data": {
          "sigma": 8.0
        },
        "hashes": {
          "code": "sha256:d2624569d9a526d7728a1a21a1d37e9eb24c752c0a18401e5f15fd00c218a63d",
          "data": "sha256:d25c968f8e8d7fbfb395f1b01a4d9fc4e89a7683f5247d7397e13970f9af6e5e"
        },
        "seeds": {
          "generator": 20260213
        },
        "run_log": {
          "note": "AUTO hashes filled by validator",
          "validated_at_utc": "2026-02-14T08:51:49Z"
        }
      }
    },
    "RFS": {
      "verdict": "PASS(RFS)",
      "note": "RFS certificate checks passed (incl. RFS5)",
      "cert": {
        "cert_type": "RFS-CERT",
        "cert_version": "v1",
        "resource_budget": {
          "compute_seconds": 30
        },
        "isaac_link": {
          "OmegaI_max_resolution": "declared"
        },
        "pcn_sweep": {
          "enabled": true,
          "flips": false
        },
        "pcd_sweep": {
          "enabled": true,
          "flips": false
        },
        "idealizations": [
          {
            "name": "toy_Hz_fit",
            "finite_surrogate": "finite z grid"
          }
        ],
        "audit_hashes": {
          "code": "sha256:d2624569d9a526d7728a1a21a1d37e9eb24c752c0a18401e5f15fd00c218a63d",
          "data": "sha256:d25c968f8e8d7fbfb395f1b01a4d9fc4e89a7683f5247d7397e13970f9af6e5e",
          "env": "sha256:62f0f3308d5872918fcd4500d2727a7847324c5d0cde3ec8739fb448d52fed85"
        }
      }
    },
    "IO": {
      "verdict": "PASS(IO)",
      "note": "IO certificate checks passed",
      "cert": {
        "cert_type": "IO-CERT",
        "cert_version": "v1",
        "map_O_theta": "Given theta=(H0,Om,w0,gdot/G,delta_w_bound) compute H(z) and enforce local + fit + informativeness locks.",
        "theta_effective_list": [
          "H0",
          "Om",
          "w0",
          "gdot_over_G",
          "delta_w_bound"
        ],
        "observables_list": [
          "H(z)",
          "chi2_red",
          "local gdot/G"
        ],
        "identifiability_metric": {
          "name": "toy_fit_proxy",
          "value": 0.2
        },
        "threshold_tau": 0.1,
        "degeneracies_list": [
          "Om-w0 degeneracy; IO judge flags weak identifiability if needed in real use."
        ],
        "dataset_equivalence": [
          "mrd_cosmo_bridge_Hz_v1"
        ]
      }
    }
  }
}