{
  "suite": "ILSC_MRD_suite_completa_15_modulos",
  "generated_utc": "2026-02-14T03:16:31Z",
  "all_ok": true,
  "modules": {
    "mrd_4f_dict": {
      "cert_schema": {
        "ok": true,
        "checked": 5,
        "errors": {}
      },
      "cases": {
        "pass": {
          "input": "inputs/mrd_4f_dict/pass.yaml",
          "verdict": "PASS",
          "expected_prefix": "PASS",
          "expectation_ok": true,
          "report": "outputs/pass.report.json"
        },
        "fail": {
          "input": "inputs/mrd_4f_dict/fail_4F2_nonunitary.yaml",
          "verdict": "FAIL(4F2_GROUP_VALID)",
          "expected_prefix": "FAIL",
          "expectation_ok": true,
          "report": "outputs/fail_4F2_nonunitary.report.json"
        },
        "noeval": {
          "input": "inputs/mrd_4f_dict/noeval_4F1_missing.yaml",
          "verdict": "NO-EVAL(4D3_DATASET)",
          "expected_prefix": "NO-EVAL",
          "expectation_ok": true,
          "report": "outputs/noeval_4F1_missing.report.json"
        }
      }
    },
    "mrd_4f_unif_dyn": {
      "cert_schema": {
        "ok": true,
        "checked": 5,
        "errors": {}
      },
      "cases": {
        "pass": {
          "input": "inputs/mrd_4f_unif_dyn/pass.yaml",
          "verdict": "PASS",
          "expected_prefix": "PASS",
          "expectation_ok": true,
          "report": "outputs/pass.report.json"
        },
        "fail": {
          "input": "inputs/mrd_4f_unif_dyn/fail_UD2_no_unification.yaml",
          "verdict": "FAIL(UD2_WITHIN_TOL)",
          "expected_prefix": "FAIL",
          "expectation_ok": true,
          "report": "outputs/fail_UD2_no_unification.report.json"
        },
        "noeval": {
          "input": "inputs/mrd_4f_unif_dyn/noeval_UD0_no_gating.yaml",
          "verdict": "NO-EVAL(UD0_GATING_4F)",
          "expected_prefix": "NO-EVAL",
          "expectation_ok": true,
          "report": "outputs/noeval_UD0_no_gating.report.json"
        }
      }
    },
    "mrd_4f_unif_op": {
      "cert_schema": {
        "ok": true,
        "checked": 5,
        "errors": {}
      },
      "cases": {
        "pass": {
          "input": "inputs/mrd_4f_unif_op/pass.yaml",
          "verdict": "PASS",
          "expected_prefix": "PASS",
          "expectation_ok": true,
          "report": "outputs/pass.report.json"
        },
        "fail": {
          "input": "inputs/mrd_4f_unif_op/fail_4U4_mismatch.yaml",
          "verdict": "FAIL(4U4_NUMERIC_MATCH)",
          "expected_prefix": "FAIL",
          "expectation_ok": true,
          "report": "outputs/fail_4U4_mismatch.report.json"
        },
        "noeval": {
          "input": "inputs/mrd_4f_unif_op/noeval_4U2_incomplete.yaml",
          "verdict": "NO-EVAL(4U2_MAPPING_COMPLETE)",
          "expected_prefix": "NO-EVAL",
          "expectation_ok": true,
          "report": "outputs/noeval_4U2_incomplete.report.json"
        }
      }
    },
    "mrd_amp_pos": {
      "cert_schema": {
        "ok": true,
        "checked": 5,
        "errors": {}
      },
      "cases": {
        "pass": {
          "input": "inputs/mrd_amp_pos/pass.yaml",
          "verdict": "PASS",
          "expected_prefix": "PASS",
          "expectation_ok": true,
          "report": "outputs/pass.report.json"
        },
        "fail": {
          "input": "inputs/mrd_amp_pos/fail_AMP3_positivity.yaml",
          "verdict": "FAIL(AMP3_POSITIVITY)",
          "expected_prefix": "FAIL",
          "expectation_ok": true,
          "report": "outputs/fail_AMP3_positivity.report.json"
        },
        "noeval": {
          "input": "inputs/mrd_amp_pos/noeval_AMP1_missing_ir.yaml",
          "verdict": "NO-EVAL(AMP1_IR_SCHEME)",
          "expected_prefix": "NO-EVAL",
          "expectation_ok": true,
          "report": "outputs/noeval_AMP1_missing_ir.report.json"
        }
      }
    },
    "mrd_baryo": {
      "cert_schema": {
        "ok": true,
        "checked": 6,
        "errors": {}
      },
      "cases": {
        "pass": {
          "input": "inputs/mrd_baryo/pass_EWBG.yaml",
          "verdict": "PASS",
          "expected_prefix": "PASS",
          "expectation_ok": true,
          "report": "outputs/pass_EWBG.report.json"
        },
        "fail": {
          "input": "inputs/mrd_baryo/fail_B4_EDM.yaml",
          "verdict": "FAIL(B4_EDM)",
          "expected_prefix": "FAIL",
          "expectation_ok": true,
          "report": "outputs/fail_B4_EDM.report.json"
        },
        "noeval": {
          "input": "inputs/mrd_baryo/noeval_B3_missing_vcTc.yaml",
          "verdict": "NO-EVAL(B2_Y_PRED)",
          "expected_prefix": "NO-EVAL",
          "expectation_ok": true,
          "report": "outputs/noeval_B3_missing_vcTc.report.json"
        }
      }
    },
    "mrd_cosmo_bridge": {
      "cert_schema": {
        "ok": true,
        "checked": 6,
        "errors": {}
      },
      "cases": {
        "pass": {
          "input": "inputs/mrd_cosmo_bridge/pass.yaml",
          "verdict": "PASS",
          "expected_prefix": "PASS",
          "expectation_ok": true,
          "report": "outputs/pass.report.json"
        },
        "fail": {
          "input": "inputs/mrd_cosmo_bridge/fail_COS3_fit.yaml",
          "verdict": "FAIL(COS3_FIT)",
          "expected_prefix": "FAIL",
          "expectation_ok": true,
          "report": "outputs/fail_COS3_fit.report.json"
        },
        "noeval": {
          "input": "inputs/mrd_cosmo_bridge/noeval_COS4_missing_delta_w.yaml",
          "verdict": "NO-EVAL(COS4_DW_DECLARED)",
          "expected_prefix": "NO-EVAL",
          "expectation_ok": true,
          "report": "outputs/noeval_COS4_missing_delta_w.report.json"
        }
      }
    },
    "mrd_eft_ren": {
      "cert_schema": {
        "ok": true,
        "checked": 6,
        "errors": {}
      },
      "cases": {
        "pass": {
          "input": "inputs/mrd_eft_ren/pass.yaml",
          "verdict": "PASS",
          "expected_prefix": "PASS",
          "expectation_ok": true,
          "report": "outputs/pass.report.json"
        },
        "fail": {
          "input": "inputs/mrd_eft_ren/fail_EFT3_rg_inconsistent.yaml",
          "verdict": "FAIL(EFT3_RG_CONSISTENCY)",
          "expected_prefix": "FAIL",
          "expectation_ok": true,
          "report": "outputs/fail_EFT3_rg_inconsistent.report.json"
        },
        "noeval": {
          "input": "inputs/mrd_eft_ren/noeval_EFT1_missing_cutoff.yaml",
          "verdict": "NO-EVAL(EFT1_CUTOFF_DECLARED)",
          "expected_prefix": "NO-EVAL",
          "expectation_ok": true,
          "report": "outputs/noeval_EFT1_missing_cutoff.report.json"
        }
      }
    },
    "mrd_g0_dm": {
      "cert_schema": {
        "ok": true,
        "checked": 5,
        "errors": {}
      },
      "cases": {
        "pass": {
          "input": "inputs/mrd_g0_dm/pass.yaml",
          "verdict": "PASS",
          "expected_prefix": "PASS",
          "expectation_ok": true,
          "report": "outputs/pass.report.json"
        },
        "fail": {
          "input": "inputs/mrd_g0_dm/fail_G03_fit.yaml",
          "verdict": "FAIL(G03_ROTATION_FIT)",
          "expected_prefix": "FAIL",
          "expectation_ok": true,
          "report": "outputs/fail_G03_fit.report.json"
        },
        "noeval": {
          "input": "inputs/mrd_g0_dm/noeval_G03_missing_dataset.yaml",
          "verdict": "NO-EVAL(G03)",
          "expected_prefix": "NO-EVAL",
          "expectation_ok": true,
          "report": "outputs/noeval_G03_missing_dataset.report.json"
        }
      }
    },
    "mrd_grav_ir": {
      "cert_schema": {
        "ok": true,
        "checked": 5,
        "errors": {}
      },
      "cases": {
        "pass": {
          "input": "inputs/mrd_grav_ir/pass.yaml",
          "verdict": "PASS",
          "expected_prefix": "PASS",
          "expectation_ok": true,
          "report": "outputs/pass.report.json"
        },
        "fail": {
          "input": "inputs/mrd_grav_ir/fail_GR3_cT.yaml",
          "verdict": "FAIL(GR3_GW_SPEED)",
          "expected_prefix": "FAIL",
          "expectation_ok": true,
          "report": "outputs/fail_GR3_cT.report.json"
        },
        "noeval": {
          "input": "inputs/mrd_grav_ir/noeval_GR1_domain.yaml",
          "verdict": "NO-EVAL(GR1_IR_DOMAIN)",
          "expected_prefix": "NO-EVAL",
          "expectation_ok": true,
          "report": "outputs/noeval_GR1_domain.report.json"
        }
      }
    },
    "mrd_obs_isaac": {
      "cert_schema": {
        "ok": true,
        "checked": 3,
        "errors": {}
      },
      "cases": {
        "pass": {
          "input": "inputs/mrd_obs_isaac/pass.yaml",
          "verdict": "PASS",
          "expected_prefix": "PASS",
          "expectation_ok": true,
          "report": "outputs/pass.report.json"
        },
        "noeval": {
          "input": "inputs/mrd_obs_isaac/noeval_below_floor.yaml",
          "verdict": "NO-EVAL(ISAAC1_FLOOR_RESPECTED)",
          "expected_prefix": "NO-EVAL",
          "expectation_ok": true,
          "report": "outputs/noeval_below_floor.report.json"
        }
      }
    },
    "mrd_rama_ef": {
      "cert_schema": {
        "ok": true,
        "checked": 5,
        "errors": {}
      },
      "cases": {
        "pass": {
          "input": "inputs/mrd_rama_ef/pass.yaml",
          "verdict": "PASS",
          "expected_prefix": "PASS",
          "expectation_ok": true,
          "report": "outputs/pass.report.json"
        },
        "fail": {
          "input": "inputs/mrd_rama_ef/fail_RE3_redundancy.yaml",
          "verdict": "FAIL(RE3_REDUNDANCY)",
          "expected_prefix": "FAIL",
          "expectation_ok": true,
          "report": "outputs/fail_RE3_redundancy.report.json"
        },
        "noeval": {
          "input": "inputs/mrd_rama_ef/noeval_RE0_pointer_missing.yaml",
          "verdict": "NO-EVAL(RE0_POINTER_BASIS)",
          "expected_prefix": "NO-EVAL",
          "expectation_ok": true,
          "report": "outputs/noeval_RE0_pointer_missing.report.json"
        }
      }
    },
    "mrd_sk": {
      "cert_schema": {
        "ok": true,
        "checked": 3,
        "errors": {}
      },
      "cases": {
        "pass": {
          "input": "inputs/ho/pass_strong.yaml",
          "verdict": "PASS",
          "expected_prefix": "PASS",
          "expectation_ok": true,
          "report": "outputs/pass_strong.report.json"
        },
        "fail": {
          "input": "inputs/ho/fail_causal.yaml",
          "verdict": "FAIL(SK_causality)",
          "expected_prefix": "FAIL",
          "expectation_ok": true,
          "report": "outputs/fail_causal.report.json"
        },
        "noeval": {
          "input": "inputs/ho/noeval_cutoff.yaml",
          "verdict": "NO-EVAL(SK_no_uv_reinject)",
          "expected_prefix": "NO-EVAL",
          "expectation_ok": true,
          "report": "outputs/noeval_cutoff.report.json"
        }
      }
    },
    "mrd_sym_topo": {
      "cert_schema": {
        "ok": true,
        "checked": 5,
        "errors": {}
      },
      "cases": {
        "pass": {
          "input": "inputs/mrd_sym_topo/pass.yaml",
          "verdict": "PASS",
          "expected_prefix": "PASS",
          "expectation_ok": true,
          "report": "outputs/pass.report.json"
        },
        "fail": {
          "input": "inputs/mrd_sym_topo/fail_AN3_cubic.yaml",
          "verdict": "FAIL(AN3_CUBIC_CANCEL)",
          "expected_prefix": "FAIL",
          "expectation_ok": true,
          "report": "outputs/fail_AN3_cubic.report.json"
        },
        "noeval": {
          "input": "inputs/mrd_sym_topo/noeval_SYM1_missing.yaml",
          "verdict": "NO-EVAL(SYM1_GROUP_DECLARED)",
          "expected_prefix": "NO-EVAL",
          "expectation_ok": true,
          "report": "outputs/noeval_SYM1_missing.report.json"
        }
      }
    },
    "mrd_uv_omegai": {
      "cert_schema": {
        "ok": true,
        "checked": 5,
        "errors": {}
      },
      "cases": {
        "pass": {
          "input": "inputs/mrd_uv_omegai/pass.yaml",
          "verdict": "PASS",
          "expected_prefix": "PASS",
          "expectation_ok": true,
          "report": "outputs/pass.report.json"
        },
        "noeval": {
          "input": "inputs/mrd_uv_omegai/noeval_PA3_dominance.yaml",
          "verdict": "NO-EVAL(PA3_INFORMATIVE)",
          "expected_prefix": "NO-EVAL",
          "expectation_ok": true,
          "report": "outputs/noeval_PA3_dominance.report.json"
        }
      }
    },
    "mrd_vac_de": {
      "cert_schema": {
        "ok": true,
        "checked": 5,
        "errors": {}
      },
      "cases": {
        "pass": {
          "input": "inputs/mrd_vac_de/pass.yaml",
          "verdict": "PASS",
          "expected_prefix": "PASS",
          "expectation_ok": true,
          "report": "outputs/pass.report.json"
        },
        "fail": {
          "input": "inputs/mrd_vac_de/fail_V4_w_band.yaml",
          "verdict": "FAIL(V3_ACCEL)",
          "expected_prefix": "FAIL",
          "expectation_ok": true,
          "report": "outputs/fail_V4_w_band.report.json"
        },
        "noeval": {
          "input": "inputs/mrd_vac_de/noeval_V1_missing_rho0.yaml",
          "verdict": "NO-EVAL(V1_DECLARED)",
          "expected_prefix": "NO-EVAL",
          "expectation_ok": true,
          "report": "outputs/noeval_V1_missing_rho0.report.json"
        }
      }
    }
  }
}